{
  "G_scale": 233.826805702828, 
  "N_0": 4, 
  "N_B": 20, 
  "N_C": 7, 
  "N_H": 1000, 
  "N_R": 3, 
  "alpha": 10.0, 
  "extent": [
    0, 
    885, 
    0, 
    519
  ], 
  "figsize": [
    6.020408163265306, 
    3.5306122448979593
  ], 
  "height": 519, 
  "k_H": 20.0, 
  "name": "hairpin", 
  "origin": [
    0, 
    0
  ], 
  "shape": [
    885, 
    519
  ], 
  "width": 885
}